{
  "train_losses": [
    0.21366170684391958
  ],
  "val_losses": [
    0.12368353628071732
  ],
  "train_metrics": [
    {
      "accuracy": 0.9333514689880305,
      "precision": 0.9334278244074011,
      "recall": 0.9333514689880305,
      "f1": 0.9331308947339321,
      "tn": 4148,
      "fp": 185,
      "fn": 305,
      "tp": 2714
    }
  ],
  "val_metrics": [
    {
      "accuracy": 0.9668117519042437,
      "precision": 0.9673761183420972,
      "recall": 0.9668117519042437,
      "f1": 0.9666866010085535,
      "roc_auc": 0.9902766280478984,
      "tn": 1055,
      "fp": 12,
      "fn": 49,
      "tp": 722
    }
  ]
}