{
  "train_losses": [
    0.21582097164734834
  ],
  "val_losses": [
    0.14388561765021035
  ],
  "train_metrics": [
    {
      "accuracy": 0.9325353645266594,
      "precision": 0.9324493022755164,
      "recall": 0.9325353645266594,
      "f1": 0.9324096031181721,
      "tn": 4141,
      "fp": 214,
      "fn": 282,
      "tp": 2715
    }
  ],
  "val_metrics": [
    {
      "accuracy": 0.970076169749728,
      "precision": 0.970369519406352,
      "recall": 0.970076169749728,
      "f1": 0.9700078701471415,
      "roc_auc": 0.9917749205065858,
      "tn": 1031,
      "fp": 14,
      "fn": 41,
      "tp": 752
    }
  ]
}