{
  "train_losses": [
    0.2001054251510262
  ],
  "val_losses": [
    0.14928815160735548
  ],
  "train_metrics": [
    {
      "accuracy": 0.9526899727862675,
      "precision": 0.9542033051266229,
      "recall": 0.9526899727862675,
      "f1": 0.9532417945853561,
      "tn": 3725,
      "fp": 142,
      "fn": 84,
      "tp": 826
    }
  ],
  "val_metrics": [
    {
      "accuracy": 0.9790619765494137,
      "precision": 0.9791016230699796,
      "recall": 0.9790619765494137,
      "f1": 0.9790806827659613,
      "roc_auc": 0.981920578843351,
      "tn": 964,
      "fp": 13,
      "fn": 12,
      "tp": 205
    }
  ]
}