{
  "train_losses": [
    0.16894659597310238
  ],
  "val_losses": [
    0.11041075979033178
  ],
  "train_metrics": [
    {
      "accuracy": 0.9520619635754658,
      "precision": 0.9525359938210348,
      "recall": 0.9520619635754658,
      "f1": 0.9522713754594866,
      "tn": 3746,
      "fp": 125,
      "fn": 104,
      "tp": 802
    }
  ],
  "val_metrics": [
    {
      "accuracy": 0.9765494137353434,
      "precision": 0.9766396588181989,
      "recall": 0.9765494137353434,
      "f1": 0.9765901673122963,
      "roc_auc": 0.991103691061372,
      "tn": 958,
      "fp": 15,
      "fn": 13,
      "tp": 208
    }
  ]
}