{
  "train_loss": [
    0.08229092276282161,
    0.06760901951496835,
    0.06648316389793972,
    0.06560871492830112,
    0.06445574646087573,
    0.06917250888060322,
    0.06766128908994673,
    0.0676962606322994,
    0.06683182681528785,
    0.06620435698998632,
    0.06904774629991117,
    0.0678408687188328,
    0.06719974125567958,
    0.06687783288190977,
    0.0681332906694721,
    0.06661383199284403,
    0.06578003926921805,
    0.06545365906412082,
    0.06545176815321978,
    0.06547748082154374,
    0.06484553875397149,
    0.06533636515446418
  ],
  "train_acc": [
    0.9371904547501125,
    0.9762869578268047,
    0.975161338736305,
    0.9791385261894042,
    0.9813897643704037,
    0.9808644754615038,
    0.9809395167342038,
    0.9813897643704037,
    0.9834909200060034,
    0.9840912501876031,
    0.9790634849167041,
    0.980414227825304,
    0.9826654660063034,
    0.9814648056431037,
    0.9780129070989044,
    0.979963980189104,
    0.9810895992796038,
    0.9825153834609035,
    0.9825904247336035,
    0.9823653009155036,
    0.9830406723698034,
    0.9845414978238031
  ],
  "val_loss": [
    0.006697196771745526,
    0.01006070757506504,
    0.006435172705511962,
    0.007466401603250276,
    0.006194132269315776,
    0.007903429777139708,
    0.006143398625066593,
    0.0058095530207668035,
    0.005997639209298151,
    0.005635837075256166,
    0.007434873462521604,
    0.008670805268255727,
    0.008117907731572078,
    0.0067877025964359445,
    0.0073716129309364725,
    0.00728349339305645,
    0.0074151124805212024,
    0.007659102685838228,
    0.006638342698681213,
    0.006714552709655393,
    0.0065012255439623485,
    0.006516343709968385
  ],
  "val_acc": [
    0.9843937575030012,
    0.9831932773109243,
    0.9846938775510204,
    0.9837935174069627,
    0.9885954381752701,
    0.9762905162064826,
    0.9891956782713085,
    0.9885954381752701,
    0.985594237695078,
    0.9879951980792316,
    0.9828931572629052,
    0.9810924369747899,
    0.9837935174069627,
    0.9822929171668667,
    0.9843937575030012,
    0.9774909963985594,
    0.9879951980792316,
    0.9843937575030012,
    0.9864945978391356,
    0.984093637454982,
    0.9846938775510204,
    0.9873949579831933
  ]
}