{
  "train_loss": [
    0.026189059768460036,
    0.015733709822523874,
    0.013646526932110563,
    0.013899551418582559,
    0.011902328181748861,
    0.01211146300102191,
    0.012500171874925088,
    0.011720327431519182,
    0.011100514239840415,
    0.011864594976993935,
    0.011220024035513799,
    0.011090866442391765,
    0.009190302921496208,
    0.010073123027947987
  ],
  "train_acc": [
    0.9564760618340087,
    0.9709590274651058,
    0.975461503827105,
    0.979588773825604,
    0.9784631547351043,
    0.9798138976437041,
    0.9783881134624043,
    0.9781629896443044,
    0.9772624943719046,
    0.9772624943719046,
    0.9785381960078043,
    0.9777877832808044,
    0.9822902596428036,
    0.9825153834609035
  ],
  "val_loss": [
    0.11043287366628647,
    0.13253339060715266,
    0.1158824499873888,
    0.11949355162325359,
    0.09393619816927683,
    0.09046072995378858,
    0.12115841515007474,
    0.1324429906549908,
    0.1502912048073042,
    0.17481348159767332,
    0.1922643066871734,
    0.19374924252430598,
    0.17420447894505092,
    0.1780823182492029
  ],
  "val_acc": [
    0.6524609843937575,
    0.6509603841536614,
    0.6509603841536614,
    0.6509603841536614,
    0.9711884753901561,
    0.9477791116446579,
    0.6509603841536614,
    0.6509603841536614,
    0.08883553421368548,
    0.0273109243697479,
    0.21728691476590636,
    0.117046818727491,
    0.06422569027611044,
    0.08343337334933974
  ],
  "final_metrics": {
    "accuracy": 0.9477791116446579,
    "precision": 1.0,
    "recall": 0.8503869303525365,
    "f1": 0.9191449814126395,
    "true_negatives": 2169,
    "false_positives": 0,
    "false_negatives": 174,
    "true_positives": 989,
    "specificity": 1.0,
    "roc_auc": 0.9963846065108003,
    "pr_auc": 0.9945088755741228,
    "ece": 0.41026703109081486
  },
  "lr_history": [
    0.0009997557473810372,
    0.0009990232305719946,
    0.0009978031724785247,
    0.0009960967771506667,
    0.0009939057285945933,
    0.0009912321891107012,
    0.0009880787971596802,
    0.0009844486647586726,
    0.000980345374410087,
    0.0009757729755661012,
    0.0009707359806323418,
    0.0009652393605146846,
    0.0009592885397135708,
    0.0009528893909706799
  ]
}