{
  "train_loss": [
    0.17490245677235958,
    0.06446195930148736,
    0.06224170187488198,
    0.05534443482745448,
    0.05504124397545946,
    0.051825945794903974,
    0.04522273922897429,
    0.043369672339347055,
    0.04460529975561823,
    0.04258503766207815,
    0.038127729665304866
  ],
  "train_acc": [
    0.9304367402071139,
    0.9884436440042023,
    0.9883686027315023,
    0.9883686027315023,
    0.9891940567312022,
    0.9893441392766021,
    0.9897943869128021,
    0.9902446345490019,
    0.989869428185502,
    0.9901695932763019,
    0.9916704187303017
  ],
  "val_loss": [
    0.057327664807616245,
    0.05161849787636172,
    0.04608632381561966,
    0.0498286398637685,
    0.024191975824180104,
    0.02812148839944885,
    0.020566783166889632,
    0.024836367063800848,
    0.06457475160049009,
    0.023319224230501624,
    0.04839267932721192
  ],
  "val_acc": [
    0.9894957983193278,
    0.9906962785114045,
    0.9915966386554622,
    0.9906962785114045,
    0.9930972388955582,
    0.9939975990396158,
    0.9933973589435774,
    0.991296518607443,
    0.9897959183673469,
    0.9924969987995198,
    0.9903961584633854
  ],
  "final_metrics": {
    "accuracy": 0.9933973589435774,
    "precision": 0.988860325621251,
    "recall": 0.9922613929492692,
    "f1": 0.9905579399141631,
    "true_negatives": 2156,
    "false_positives": 13,
    "false_negatives": 9,
    "true_positives": 1154,
    "specificity": 0.9940064545873675,
    "roc_auc": 0.9992721642054637,
    "pr_auc": 0.9991360669247387,
    "ece": 0.005756107590100892
  },
  "lr_history": [
    0.0006999574382061729,
    0.0006998297633261775,
    0.0006996170068618798,
    0.0006993192213077538,
    0.0006989364801379292,
    0.0006984688777880627,
    0.0006979165296320372,
    0.000697279571953495,
    0.0006965581619122124,
    0.0006957524775053226,
    0.00034743784623357147
  ]
}