{
  "train_loss": [
    0.1650334182809547,
    0.08598555018566996,
    0.08125405437011513,
    0.08381664815941732,
    0.07953313435483679,
    0.07297934188420395,
    0.07706150783413498,
    0.07542435418617882,
    0.06743201295726842,
    0.06258527289548937,
    0.057910138907522966,
    0.057903068381354963,
    0.05830326952471239,
    0.04980306912155496,
    0.05360467347251675,
    0.05292991140010885,
    0.04812245004044341,
    0.04379893926321808
  ],
  "train_acc": [
    0.9361398769323128,
    0.9812396818250038,
    0.9816899294612037,
    0.9810145580069038,
    0.9820651358247036,
    0.9841662914603032,
    0.9834909200060034,
    0.9823653009155036,
    0.9841662914603032,
    0.9842413327330032,
    0.985066786732703,
    0.9861924058232028,
    0.984691580369203,
    0.9866426534594027,
    0.9856671169143029,
    0.985066786732703,
    0.9861924058232028,
    0.9864175296413027
  ],
  "val_loss": [
    0.07216352828822675,
    0.06334801259494963,
    0.07011424991790027,
    0.06196067937250648,
    0.08292519135755443,
    0.09785176021091285,
    0.07284078576291601,
    0.08358833616422046,
    0.04612370145817598,
    0.04110180323145219,
    0.03914459218004984,
    0.04577105653560942,
    0.050349116205636944,
    0.031576097559272535,
    0.07553525172573115,
    0.048294708250267875,
    0.03404353140698125,
    0.03584127902452435
  ],
  "val_acc": [
    0.9828931572629052,
    0.9831932773109243,
    0.9843937575030012,
    0.9843937575030012,
    0.9822929171668667,
    0.9798919567827131,
    0.9849939975990396,
    0.9822929171668667,
    0.9846938775510204,
    0.9891956782713085,
    0.987094837935174,
    0.987094837935174,
    0.9864945978391356,
    0.9882953181272509,
    0.9819927971188476,
    0.9849939975990396,
    0.9873949579831933,
    0.9885954381752701
  ],
  "final_metrics": {
    "accuracy": 0.9882953181272509,
    "precision": 0.9819897084048027,
    "recall": 0.9845227858985383,
    "f1": 0.9832546157148991,
    "true_negatives": 2148,
    "false_positives": 21,
    "false_negatives": 18,
    "true_positives": 1145,
    "specificity": 0.9903181189488244,
    "roc_auc": 0.9985704924427572,
    "pr_auc": 0.9902432663054715,
    "ece": 0.006667982173232779
  },
  "lr_history": [
    0.0006998297633261773,
    0.0006993192213077537,
    0.0006984688777880627,
    0.000697279571953495,
    0.0006957524775053226,
    0.0006938891015013977,
    0.0006916912828688679,
    0.00034459915275862504,
    0.000343190194520174,
    0.0003416201571907565,
    0.0003398905902076638,
    0.00033800320044469504,
    0.0003359598505276789,
    0.000333762556996287,
    0.00033141348831395223,
    0.0003289149627278576,
    0.0003262694459811059,
    0.0001617838807726858
  ]
}